,,,,,,,Playing Time,,,,Performance,,,,,,,,Per 90 Minutes,,,,,
Rk,Player,Pos,Squad,Age,Club,Born,MP,Starts,Min,90s,Gls,Ast,G+A,G-PK,PK,PKatt,CrdY,CrdR,Gls,Ast,G+A,G-PK,G+A-PK,Matches
,,,,,,,,,,,,,,,,,,,,,,,,
1,Brenden Aaronson,MF,us USA,25,1.eng Leeds United,2000,1,1,76,0.8,0,0,0,0,0,0,0,0,0,0,0,0,0,Matches
2,Thelo Aasgaard,MF,no Norway,24,1.sct Rangers,2002,1,1,90,1,1,0,1,1,0,0,0,0,1,0,1,1,1,Matches
3,Hamza Abdelkarim,FW,eg Egypt,18,4.es Barcelona B,2008,4,0,60,0.7,0,0,0,0,0,0,0,0,0,0,0,0,0,Matches
4,Hossam Abdelmaguid,DF,eg Egypt,25,1.eg Zamalek SC,2001,2,0,59,0.7,0,0,0,0,0,0,0,0,0,0,0,0,0,Matches
5,Mohamed Abdelmonem,DF,eg Egypt,27,1.fr Nice,1999,2,1,14,0.2,0,0,0,0,0,0,0,0,0,0,0,0,0,Matches
6,Ali Abdi,DF,tn Tunisia,32,1.fr Nice,1993,3,3,269,3,0,0,0,0,0,0,0,0,0,0,0,0,0,Matches
7,Saud Abdulhamid,DF,sa Saudi Arabia,26,1.fr Lens,1999,3,3,269,3,0,0,0,0,0,0,1,0,0,0,0,0,0,Matches
8,Abdulla Abdullaev,DF,uz Uzbekistan,28,1.ae Dibba Al Fujairah,1997,2,2,180,2,0,0,0,0,0,0,0,0,0,0,0,0,0,Matches
9,Yusuf Abdurisag,FW,qa Qatar,26,1.qa Al-Wakrah,1999,2,2,98,1.1,0,0,0,0,0,0,0,0,0,0,0,0,0,Matches
10,Husam Abu Dahab,DF,jo Jordan,26,1.kw Al-Salmiya SC,2000,2,2,178,2,0,0,0,0,0,0,1,0,0,0,0,0,0,Matches
11,Mohammad Abu Hasheesh,DF,jo Jordan,31,1.iq Al-Karma,1995,1,0,6,0.1,0,0,0,0,0,0,0,0,0,0,0,0,0,Matches
12,Mohannad Abu Taha,DF,jo Jordan,23,1.iq Al-Quwa Al-Jawiya,2003,3,3,264,2.9,0,0,0,0,0,0,1,0,0,0,0,0,0,Matches
13,Mo Abualnadi,DF,jo Jordan,25,1.my Selangor FA,2001,1,1,71,0.8,0,0,0,0,0,0,0,0,0,0,0,0,0,Matches
14,Yazeed Abulaila,GK,jo Jordan,33,1.jo Al-Hussein SC,1993,3,3,270,3,0,0,0,0,0,0,0,0,0,0,0,0,0,Matches
15,Mahmoud Abunada,GK,qa Qatar,26,1.qa Al Rayyan SC,2000,3,3,270,3,0,0,0,0,0,0,1,0,0,0,0,0,0,Matches
16,Elias Achouri,"FW,MF",tn Tunisia,27,1.dk FC Copenhagen,1999,3,0,43,0.5,0,0,0,0,0,0,0,0,0,0,0,0,0,Matches
17,Ché Adams,FW,sct Scotland,29,1.it Torino,1996,3,2,145,1.6,0,0,0,0,0,0,0,0,0,0,0,0,0,Matches
18,Jayden Adams,MF,za South Africa,25,1.za Sundowns,2001,3,2,116,1.3,0,0,0,0,0,0,0,0,0,0,0,0,0,Matches
19,Tyler Adams,MF,us USA,27,1.eng Bournemouth,1999,4,4,341,3.8,0,0,0,0,0,0,1,0,0,0,0,0,0,Matches
20,Ricardo Adé,DF,ht Haiti,36,1.ec LDU Quito,1990,3,3,270,3,0,0,0,0,0,0,0,0,0,0,0,0,0,Matches
21,Ibrahim Adel,MF,eg Egypt,25,1.dk Nordsjælland,2001,1,0,3,0,0,0,0,0,0,0,0,0,0,0,0,0,0,Matches
22,Simon Adingra,"FW,MF",ci Côte d'Ivoire,24,1.fr Monaco,2002,1,0,16,0.2,0,0,0,0,0,0,0,0,0,0,0,0,0,Matches
23,Jonas Adjetey,DF,gh Ghana,22,1.de Wolfsburg,2003,3,3,225,2.5,0,0,0,0,0,0,0,0,0,0,0,0,0,Matches
24,Michel Aebischer,"MF,FW",ch Switzerland,29,1.it Pisa,1997,4,2,156,1.7,0,0,0,0,0,0,0,0,0,0,0,0,0,Matches
25,Akram Afif,"FW,MF",qa Qatar,29,1.qa Al Sadd,1996,3,3,238,2.6,0,0,0,0,0,0,0,0,0,0,0,0,0,Matches
26,Emmanuel Agbadou,DF,ci Côte d'Ivoire,28,1.tr Beşiktaş,1997,3,3,270,3,0,0,0,0,0,0,0,0,0,0,0,0,0,Matches
27,Rodrigo Aguirre,FW,uy Uruguay,31,1.mx América,1994,1,0,1,0,0,0,0,0,0,0,0,0,0,0,0,0,0,Matches
28,Ali Ahmed,MF,ca Canada,25,2.eng Norwich City,2000,4,3,234,2.6,0,0,0,0,0,0,0,0,0,0,0,0,0,Matches
29,Homam Ahmed,DF,qa Qatar,26,2.es Cultural Leonesa,1999,2,2,122,1.4,0,1,1,0,0,0,0,1,0,0.74,0.74,0,0.74,Matches
30,Rayan Aït-Nouri,DF,dz Algeria,25,1.eng Manchester City,2001,4,3,284,3.2,0,0,0,0,0,0,0,0,0,0,0,0,0,Matches
31,Kristoffer Ajer,DF,no Norway,28,1.eng Brentford,1998,5,5,480,5.3,0,0,0,0,0,0,1,0,0,0,0,0,0,Matches
32,Manuel Akanji,DF,ch Switzerland,30,1.it Inter,1995,6,6,600,6.7,0,0,0,0,0,0,0,0,0,0,0,0,0,Matches
33,Nathan Aké,DF,nl Netherlands,31,1.eng Manchester City,1995,3,2,170,1.9,0,0,0,0,0,0,0,0,0,0,0,0,0,Matches
34,Yunus Akgün,MF,tr Türkiye,25,1.tr Galatasaray,2000,2,1,88,1,0,0,0,0,0,0,1,0,0,0,0,0,0,Matches
35,Maghnes Akliouche,MF,fr France,24,1.fr Monaco,2002,1,0,8,0.1,0,0,0,0,0,0,0,0,0,0,0,0,0,Matches
36,Kerem Aktürkoğlu,FW,tr Türkiye,27,1.tr Fenerbahçe,1998,2,2,129,1.4,0,0,0,0,0,0,0,0,0,0,0,0,0,Matches
37,Ahmed Alaaeldin,FW,qa Qatar,33,1.qa Al Rayyan SC,1993,2,0,43,0.5,0,0,0,0,0,0,0,0,0,0,0,0,0,Matches
38,David Alaba,DF,at Austria,33,1.es Real Madrid,1992,4,4,275,3.1,0,1,1,0,0,0,0,0,0,0.33,0.33,0,0.33,Matches
39,Kerim Alajbegović,MF,ba Bosnia–Herz,18,1.at RB Salzburg,2007,4,3,277,3.1,1,0,1,1,0,0,0,0,0.32,0,0.32,0.32,0.32,Matches
40,Jordy Alcivar,MF,ec Ecuador,26,1.ec Independiente,1999,1,1,45,0.5,0,0,0,0,0,0,1,0,0,0,0,0,0,Matches
41,Omar Alderete,DF,py Paraguay,29,1.eng Sunderland,1996,4,4,320,3.6,0,0,0,0,0,0,0,0,0,0,0,0,0,Matches
42,Almoez Ali,FW,qa Qatar,29,1.qa Al Duhail SC,1996,1,0,19,0.2,0,0,0,0,0,0,0,0,0,0,0,0,0,Matches
43,Hussein Ali,DF,iq Iraq,24,1.pl Pogoń Szczecin,2002,2,2,162,1.8,0,0,0,0,0,0,0,0,0,0,0,0,0,Matches
44,Mohanad Ali,FW,iq Iraq,25,1.ae Dibba Al Fujairah,2000,1,0,13,0.1,0,0,0,0,0,0,0,0,0,0,0,0,0,Matches
45,Taha Ali,"FW,MF",se Sweden,27,1.se Malmö,1998,2,0,37,0.4,0,0,0,0,0,0,0,0,0,0,0,0,0,Matches
46,Khojiakbar Alijonov,MF,uz Uzbekistan,29,1.uz Pakhtakor Tashkent FK,1997,2,1,135,1.5,0,0,0,0,0,0,0,0,0,0,0,0,0,Matches
47,Ali Alipour,FW,ir IR Iran,30,1.ir Persepolis,1995,1,0,38,0.4,0,0,0,0,0,0,0,0,0,0,0,0,0,Matches
48,Alisson,GK,br Brazil,33,1.eng Liverpool,1992,5,5,450,5,0,0,0,0,0,0,0,0,0,0,0,0,0,Matches
49,Thiago Almada,MF,ar Argentina,25,1.es Atlético Madrid,2001,5,3,241,2.7,0,0,0,0,0,0,1,0,0,0,0,0,0,Matches
50,Miguel Almirón,"MF,FW",py Paraguay,32,1.us Atlanta Utd,1994,4,4,282,3.1,0,0,0,0,0,0,1,1,0,0,0,0,0,Matches
51,Júnior Alonso,DF,py Paraguay,33,1.br Atlético Mineiro,1993,5,4,390,4.3,0,0,0,0,0,0,1,0,0,0,0,0,0,Matches
52,Barış Alper Yılmaz,"MF,FW",tr Türkiye,26,1.tr Galatasaray,2000,3,2,179,2,1,1,2,1,0,0,0,0,0.5,0.5,1.01,0.5,1.01,Matches
53,Roberto Alvarado,"FW,MF",mx Mexico,27,1.mx Guadalajara,1998,5,5,428,4.8,0,3,3,0,0,0,0,0,0,0.63,0.63,0,0.63,Matches
54,Edson Álvarez,"MF,DF",mx Mexico,28,1.eng West Ham,1997,4,2,240,2.7,0,0,0,0,0,0,1,0,0,0,0,0,0,Matches
55,Julián Álvarez,FW,ar Argentina,26,1.es Atlético Madrid,2000,8,5,602,6.7,1,0,1,1,0,0,0,0,0.15,0,0.15,0.15,0.15,Matches
56,Ayoube Amaimouni,MF,ma Morocco,21,1.de Frankfurt,2004,2,0,18,0.2,0,0,0,0,0,0,0,0,0,0,0,0,0,Matches
57,Zeki Amdouni,"FW,MF",ch Switzerland,25,1.eng Burnley,2000,4,0,73,0.8,0,0,0,0,0,0,0,0,0,0,0,0,0,Matches
58,Michael Amir Murillo,"DF,MF",pa Panama,30,1.tr Beşiktaş,1996,3,3,270,3,0,0,0,0,0,0,0,0,0,0,0,0,0,Matches
59,Nadiem Amiri,MF,de Germany,29,1.de Mainz 05,1996,2,0,42,0.5,0,1,1,0,0,0,0,0,0,2.14,2.14,0,2.14,Matches
60,Amir Al Ammari,MF,iq Iraq,28,1.pl Cracovia,1997,3,3,247,2.7,0,1,1,0,0,0,2,0,0,0.36,0.36,0,0.36,Matches
61,Azizbek Amonov,FW,uz Uzbekistan,28,1.uz FK Bukhara Nurafshon,1997,1,0,14,0.2,0,0,0,0,0,0,0,0,0,0,0,0,0,Matches
62,Mohamed Amoura,"FW,MF",dz Algeria,26,1.de Wolfsburg,2000,1,0,27,0.3,0,0,0,0,0,0,0,0,0,0,0,0,0,Matches
63,Sofyan Amrabat,MF,ma Morocco,29,1.es Real Betis,1996,3,1,147,1.6,0,0,0,0,0,0,0,0,0,0,0,0,0,Matches
64,Abdulelah Al-Amri,DF,sa Saudi Arabia,29,,1997,3,3,239,2.7,1,0,1,1,0,0,1,0,0.38,0,0.38,0.38,0.38,Matches
65,Youssef Amyn,MF,iq Iraq,22,1.cy AEK Larnaca,2003,1,0,31,0.3,0,0,0,0,0,0,0,0,0,0,0,0,0,Matches
66,Elliot Anderson,MF,eng England,23,1.eng Nottingham,2002,8,7,632,7,0,1,1,0,0,0,1,0,0,0.14,0.14,0,0.14,Matches
67,Andrés Andrade Cedeño,DF,pa Panama,27,1.at LASK,1998,3,3,270,3,0,0,0,0,0,0,1,0,0,0,0,0,0,Matches
68,Fredrik André Bjørkan,DF,no Norway,27,1.no Bodø/Glimt,1998,1,1,45,0.5,0,0,0,0,0,0,0,0,0,0,0,0,0,Matches
69,Nilson Angulo,MF,ec Ecuador,22,1.eng Sunderland,2003,4,2,218,2.4,1,0,1,1,0,0,0,0,0.41,0,0.41,0.41,0.41,Matches
70,Waldemar Anton,"DF,MF",de Germany,29,1.de Dortmund,1996,2,0,50,0.6,0,0,0,0,0,0,0,0,0,0,0,0,0,Matches
71,Jeremy Antonisse,"FW,MF",cw Curaçao,24,1.gr AE Kifisia,2002,2,0,75,0.8,0,0,0,0,0,0,0,0,0,0,0,0,0,Matches
72,Houssem Aouar,MF,dz Algeria,27,1.sa Al-Ittihad,1998,3,2,173,1.9,0,2,2,0,0,0,0,0,0,1.04,1.04,0,1.04,Matches
73,Oswin Appollis,"MF,FW",za South Africa,24,1.za Orlando Pirates,2001,4,3,255,2.8,0,0,0,0,0,0,0,0,0,0,0,0,0,Matches
74,Yazan Al-Arab,DF,jo Jordan,30,1.kr FC Seoul,1996,3,3,270,3,0,0,0,0,0,0,1,0,0,0,0,0,0,Matches
75,Maxi Araújo,"FW,MF",uy Uruguay,26,1.pt Sporting CP,2000,3,3,250,2.8,2,1,3,2,0,0,0,0,0.72,0.36,1.08,0.72,1.08,Matches
76,Tomás Araújo,DF,pt Portugal,24,1.pt Benfica,2002,1,1,90,1,0,0,0,0,0,0,1,0,0,0,0,0,0,Matches
77,Telmo Arcanjo,MF,cv Cabo Verde,24,1.pt Vit. Guimarães,2001,2,1,57,0.6,0,0,0,0,0,0,0,0,0,0,0,0,0,Matches
78,Álex Arce,FW,py Paraguay,30,1.ar Ind. Rivadavia,1995,2,0,53,0.6,0,0,0,0,0,0,1,0,0,0,0,0,0,Matches
79,Carlens Arcus,"MF,DF",ht Haiti,29,1.fr Angers,1996,3,2,146,1.6,0,0,0,0,0,0,1,0,0,0,0,0,0,Matches
80,Max Arfsten,MF,us USA,25,1.us Columbus Crew,2001,1,0,1,0,0,0,0,0,0,0,0,0,0,0,0,0,0,Matches
81,Jhon Arias,MF,co Colombia,28,1.br Palmeiras,1997,5,5,377,4.2,1,0,1,1,0,0,1,0,0.24,0,0.24,0.24,0.24,Matches
82,Santiago Arias,DF,co Colombia,34,1.ar Independiente,1992,1,1,86,1,0,0,0,0,0,0,0,0,0,0,0,0,0,Matches
83,Marko Arnautović,FW,at Austria,37,1.rs Red Star,1989,4,1,144,1.6,2,0,2,1,1,1,1,0,1.25,0,1.25,0.62,0.62,Matches
84,Benjamin Asare,GK,gh Ghana,33,1.gh Accra Hearts of Oak,1992,3,2,225,2.5,0,0,0,0,0,0,0,0,0,0,0,0,0,Matches
85,Emam Ashour,MF,eg Egypt,28,1.eg Al Ahly,1998,5,5,362,4,2,0,2,2,0,0,0,0,0.5,0,0.5,0.5,0.5,Matches
86,Rustam Ashurmatov,DF,uz Uzbekistan,29,1.ir Esteghlal,1996,3,3,256,2.8,0,0,0,0,0,0,0,0,0,0,0,0,0,Matches
87,Lawrence Ati-Zigi,GK,gh Ghana,29,1.ch St. Gallen,1996,2,2,135,1.5,0,0,0,0,0,0,0,0,0,0,0,0,0,Matches
88,Marwan Attia,MF,eg Egypt,27,1.eg Al Ahly,1998,5,4,434,4.8,0,1,1,0,0,0,2,0,0,0.21,0.21,0,0.21,Matches
89,Fredrik Aursnes,"MF,DF",no Norway,30,1.pt Benfica,1995,6,3,304,3.4,0,0,0,0,0,0,0,0,0,0,0,0,0,Matches
90,Gabriel Ávalos,FW,py Paraguay,35,1.ar Independiente,1990,4,2,141,1.6,0,0,0,0,0,0,0,0,0,0,0,0,0,Matches
91,Yasin Ayari,MF,se Sweden,22,1.eng Brighton,2003,4,4,339,3.8,2,0,2,2,0,0,1,0,0.53,0,0.53,0.53,0.53,Matches
92,Oğuz Aydın,DF,tr Türkiye,25,1.tr Fenerbahçe,2000,1,1,89,1,0,0,0,0,0,0,0,0,0,0,0,0,0,Matches
93,Jordan Ayew,FW,gh Ghana,34,2.eng Leicester City,1991,4,4,300,3.3,0,0,0,0,0,0,0,0,0,0,0,0,0,Matches
94,Kaan Ayhan,"DF,MF",tr Türkiye,31,1.tr Galatasaray,1994,1,0,3,0,1,0,1,1,0,0,0,0,30,0,30,30,30,Matches
95,Neil El Aynaoui,MF,ma Morocco,24,1.it Roma,2001,6,6,562,6.2,0,0,0,0,0,0,0,0,0,0,0,0,0,Matches
96,Ali Azaizeh,MF,jo Jordan,22,1.sa Al-Shabab,2004,3,1,54,0.6,0,0,0,0,0,0,0,0,0,0,0,0,0,Matches
97,Juninho Bacuna,MF,cw Curaçao,28,1.nl Volendam,1997,3,3,254,2.8,0,0,0,0,0,0,2,0,0,0,0,0,0,Matches
98,Leandro Bacuna,MF,cw Curaçao,34,2.tr 76 Iğdır Belediyespor,1991,3,3,270,3,0,0,0,0,0,0,1,0,0,0,0,0,0,Matches
99,Álex Baena,"MF,FW",es Spain,24,1.es Atlético Madrid,2001,7,7,481,5.3,1,1,2,1,0,0,1,0,0.19,0.19,0.37,0.19,0.37,Matches
100,Esmir Bajraktarevic,MF,ba Bosnia–Herz,21,1.nl PSV,2005,4,2,230,2.6,0,0,0,0,0,0,0,0,0,0,0,0,0,Matches
101,Cédric Bakambu,FW,cd Congo DR,35,1.es Real Betis,1991,3,3,190,2.1,0,0,0,0,0,0,0,0,0,0,0,0,0,Matches
102,Fabián Balbuena,DF,py Paraguay,34,1.br Grêmio,1991,1,0,1,0,0,0,0,0,0,0,0,0,0,0,0,0,0,Matches
103,Folarin Balogun,FW,us USA,24,1.fr Monaco,2001,4,4,312,3.5,3,0,3,3,0,0,1,1,0.87,0,0.87,0.87,0.87,Matches
104,Simon Banza,"FW,MF",cd Congo DR,29,1.ae Al Jazira Club,1996,2,0,40,0.4,0,0,0,0,0,0,0,0,0,0,0,0,0,Matches
105,Yoel Bárcenas,MF,pa Panama,32,1.mx Mazatlán,1993,3,3,249,2.8,0,0,0,0,0,0,1,0,0,0,0,0,0,Matches
106,Valentín Barco,"DF,MF",ar Argentina,21,1.fr Strasbourg,2004,1,0,20,0.2,0,0,0,0,0,0,0,0,0,0,0,0,0,Matches
107,Bradley Barcola,MF,fr France,23,1.fr PSG,2002,8,4,384,4.3,3,1,4,3,0,0,1,0,0.7,0.23,0.94,0.7,0.94,Matches
108,Abdülkerim Bardakcı,DF,tr Türkiye,31,1.tr Galatasaray,1994,3,3,265,2.9,0,0,0,0,0,0,0,0,0,0,0,0,0,Matches
109,Ivan Bašić,MF,ba Bosnia–Herz,24,1.kz FC Astana,2002,3,2,179,2,0,1,1,0,0,0,0,0,0,0.5,0.5,0,0.5,Matches
110,Ahmed Basil,GK,iq Iraq,29,1.iq Al-Shorta,1996,2,2,135,1.5,0,0,0,0,0,0,0,0,0,0,0,0,0,Matches
111,Martin Baturina,"MF,FW",hr Croatia,23,1.it Como,2003,4,4,321,3.6,1,0,1,1,0,0,0,0,0.28,0,0.28,0.28,0.28,Matches
112,Ibrahim Bayesh,"MF,FW",iq Iraq,26,1.ae Al Dhafra SCC,2000,3,3,235,2.6,0,0,0,0,0,0,0,0,0,0,0,0,0,Matches
113,Samed Baždar,FW,ba Bosnia–Herz,22,1.de Gladbach,2004,1,0,29,0.3,0,0,0,0,0,0,0,0,0,0,0,0,0,Matches
114,Riechedly Bazoer,DF,cw Curaçao,29,1.tr Konyaspor,1996,1,1,90,1,0,0,0,0,0,0,0,0,0,0,0,0,0,Matches
115,Patrick Beach,GK,au Australia,22,1.au Melb City,2003,4,4,388,4.3,0,0,0,0,0,0,0,0,0,0,0,0,0,Matches
116,Aziz Behich,MF,au Australia,35,1.au Melb City,1990,3,2,217,2.4,0,0,0,0,0,0,0,0,0,0,0,0,0,Matches
117,Maximilian Beier,"FW,MF",de Germany,23,1.de Dortmund,2002,1,0,27,0.3,0,0,0,0,0,0,0,0,0,0,0,0,0,Matches
118,Alireza Beiranvand,GK,ir IR Iran,33,1.ir Tractor,1992,3,3,270,3,0,0,0,0,0,0,0,0,0,0,0,0,0,Matches
119,Zineddine Belaïd,DF,dz Algeria,27,1.dz JS Kabylie,1999,2,0,25,0.3,0,0,0,0,0,0,0,0,0,0,0,0,0,Matches
120,Rafik Belghali,DF,dz Algeria,24,1.it Hellas Verona,2002,4,4,331,3.7,1,0,1,1,0,0,0,0,0.27,0,0.27,0.27,0.27,Matches
121,Joe Bell,MF,nz New Zealand,27,1.no Viking,1999,3,3,243,2.7,0,0,0,0,0,0,0,0,0,0,0,0,0,Matches
122,Jean-Ricner Bellegarde,MF,ht Haiti,27,1.eng Wolves,1998,3,3,260,2.9,0,0,0,0,0,0,1,0,0,0,0,0,0,Matches
123,Jude Bellingham,MF,eng England,22,1.es Real Madrid,2003,8,7,614,6.8,7,1,8,7,0,0,1,0,1.03,0.15,1.17,1.03,1.17,Matches
124,Mortadha Ben Ouanes,"DF,MF",tn Tunisia,31,1.tr Kasımpaşa,1994,1,0,23,0.3,0,0,0,0,0,0,0,0,0,0,0,0,0,Matches
125,Anis Ben Slimane,"MF,FW",tn Tunisia,25,2.eng Norwich City,2001,3,3,240,2.7,0,0,0,0,0,0,0,0,0,0,0,0,0,Matches
126,Oussama Benbot,GK,dz Algeria,31,1.dz USM Alger,1994,1,1,90,1,0,0,0,0,0,0,0,0,0,0,0,0,0,Matches
127,Nadhir Benbouali,FW,dz Algeria,26,1.hu Győr,2000,1,0,45,0.5,1,0,1,1,0,0,0,0,2,0,2,2,2,Matches
128,Gilson Benchimol,FW,cv Cabo Verde,24,1.ru Akron Tolyatti,2001,2,1,78,0.9,0,0,0,0,0,0,0,0,0,0,0,0,0,Matches
129,Ramy Bensebaini,DF,dz Algeria,31,1.de Dortmund,1995,4,4,360,4,0,0,0,0,0,0,0,0,0,0,0,0,0,Matches
130,Nabil Bentaleb,MF,dz Algeria,31,1.fr Lille,1994,4,3,285,3.2,0,0,0,0,0,0,0,0,0,0,0,0,0,Matches
131,Rodrigo Bentancur,MF,uy Uruguay,28,1.eng Tottenham,1997,3,3,270,3,0,0,0,0,0,0,1,0,0,0,0,0,0,Matches
132,Patrick Berg,MF,no Norway,28,1.no Bodø/Glimt,1997,6,4,445,4.9,0,2,2,0,0,0,1,0,0,0.4,0.4,0,0.4,Matches
133,Sander Berge,MF,no Norway,28,1.eng Fulham,1998,5,5,480,5.3,0,0,0,0,0,0,0,0,0,0,0,0,0,Matches
134,Lucas Bergvall,MF,se Sweden,20,1.eng Tottenham,2006,4,1,181,2,0,1,1,0,0,0,1,0,0,0.5,0.5,0,0.5,Matches
135,Sebastian Berhalter,MF,us USA,25,1.us Vancouver,2001,5,1,187,2.1,1,1,2,1,0,0,1,0,0.48,0.48,0.96,0.48,0.96,Matches
136,Alexander Bernhardsson,MF,se Sweden,27,2.de Holstein Kiel,1998,3,3,217,2.4,0,0,0,0,0,0,0,0,0,0,0,0,0,Matches
137,Tyler Bindon,DF,nz New Zealand,21,2.eng Sheffield United,2005,3,1,97,1.1,0,0,0,0,0,0,0,0,0,0,0,0,0,Matches
138,César Blackman,"MF,DF",pa Panama,28,1.sk Slovan Bratislava,1998,2,2,178,2,0,0,0,0,0,0,1,0,0,0,0,0,0,Matches
139,Damián Bobadilla,MF,py Paraguay,24,1.br São Paulo,2001,4,2,189,2.1,0,0,0,0,0,0,0,0,0,0,0,0,0,Matches
140,Oscar Bobb,FW,no Norway,22,1.eng Fulham,2003,6,1,225,2.5,0,0,0,0,0,0,0,0,0,0,0,0,0,Matches
141,Moïse Bombito,DF,ca Canada,26,1.fr Nice,2000,3,2,193,2.1,0,0,0,0,0,0,0,0,0,0,0,0,0,Matches
142,Theo Bongonda,"FW,MF",cd Congo DR,30,1.ru Spartak Moscow,1995,2,0,34,0.4,0,0,0,0,0,0,0,0,0,0,0,0,0,Matches
143,Ange-Yoan Bonny,FW,ci Côte d'Ivoire,22,1.it Inter,2003,4,3,234,2.6,0,0,0,0,0,0,0,0,0,0,0,0,0,Matches
144,Jordy Bos,"MF,DF",au Australia,23,1.nl Feyenoord,2002,4,4,308,3.4,0,0,0,0,0,0,1,0,0,0,0,0,0,Matches
145,Ayyoub Bouaddi,MF,ma Morocco,18,1.fr Lille,2007,5,5,381,4.2,0,0,0,0,0,0,0,0,0,0,0,0,0,Matches
146,Hicham Boudaoui,MF,dz Algeria,26,1.fr Nice,1999,3,2,128,1.4,0,0,0,0,0,0,1,0,0,0,0,0,0,Matches
147,Karim Boudiaf,MF,qa Qatar,35,1.qa Al Duhail SC,1990,2,1,102,1.1,0,0,0,0,0,0,0,0,0,0,0,0,0,Matches
148,Adil Boulbina,FW,dz Algeria,23,1.qa Al Duhail SC,2003,2,0,19,0.2,0,0,0,0,0,0,0,0,0,0,0,0,0,Matches
149,Yassine Bounou,GK,ma Morocco,35,1.sa Al-Hilal,1991,6,6,570,6.3,0,0,0,0,0,0,0,0,0,0,0,0,0,Matches
150,Nawaf Boushal,DF,sa Saudi Arabia,26,1.sa Al-Nassr,1999,2,1,91,1,0,0,0,0,0,0,0,0,0,0,0,0,0,Matches
151,Michael Boxall,DF,nz New Zealand,37,1.us Minnesota Utd,1988,3,2,207,2.3,0,0,0,0,0,0,0,0,0,0,0,0,0,Matches
152,Sultan Al-Brake,DF,qa Qatar,30,1.qa Al Duhail SC,1996,2,1,141,1.6,0,0,0,0,0,0,0,0,0,0,0,0,0,Matches
153,Joshua Brenet,DF,cw Curaçao,32,1.tr Kayserispor,1994,2,2,179,2,0,0,0,0,0,0,0,0,0,0,0,0,0,Matches
154,Brian Brobbey,FW,nl Netherlands,24,1.eng Sunderland,2002,4,3,223,2.5,3,0,3,3,0,0,0,0,1.21,0,1.21,1.21,1.21,Matches
155,Dylan Bronn,DF,tn Tunisia,30,1.ch Servette FC,1995,1,1,45,0.5,0,0,0,0,0,0,0,0,0,0,0,0,0,Matches
156,Nathaniel Brown,DF,de Germany,22,1.de Frankfurt,2003,3,3,282,3.1,1,1,2,1,0,0,0,0,0.32,0.32,0.64,0.32,0.64,Matches
157,Tajon Buchanan,MF,ca Canada,27,1.es Villarreal,1999,5,5,376,4.2,0,0,0,0,0,0,0,0,0,0,0,0,0,Matches
158,Ante Budimir,FW,hr Croatia,34,1.es Osasuna,1991,3,2,155,1.7,1,0,1,1,0,0,0,0,0.58,0,0.58,0.58,0.58,Matches
159,Firas Al-Buraikan,FW,sa Saudi Arabia,26,1.sa Al-Ahli,2000,3,3,238,2.6,0,0,0,0,0,0,1,0,0,0,0,0,0,Matches
160,Cameron Burgess,DF,au Australia,30,2.eng Swansea City,1995,2,2,135,1.5,0,0,0,0,0,0,0,0,0,0,0,0,0,Matches
161,Dan Burn,DF,eng England,34,1.eng Newcastle,1992,3,0,35,0.4,0,0,0,0,0,0,0,0,0,0,0,0,0,Matches
162,Dženis Burnić,MF,ba Bosnia–Herz,28,2.de Karlsruher,1998,2,0,16,0.2,0,0,0,0,0,0,0,0,0,0,0,0,0,Matches
163,Gustavo Caballero,"FW,MF",py Paraguay,24,2.eng Portsmouth,2001,2,0,96,1.1,0,0,0,0,0,0,0,0,0,0,0,0,0,Matches
164,Jovane Cabral,FW,cv Cabo Verde,28,1.pt Estrela,1998,2,2,139,1.5,0,0,0,0,0,0,0,0,0,0,0,0,0,Matches
165,Liberato Cacace,DF,nz New Zealand,25,2.eng Wrexham,2000,3,3,220,2.4,0,0,0,0,0,0,0,0,0,0,0,0,0,Matches
166,Juan Cáceres,DF,py Paraguay,26,1.ru Dynamo Moskva,2000,5,5,436,4.8,0,0,0,0,0,0,1,0,0,0,0,0,0,Matches
167,Sebastián Cáceres,DF,uy Uruguay,26,1.mx América,1999,3,3,270,3,0,0,0,0,0,0,0,0,0,0,0,0,0,Matches
168,Jordy Caicedo,FW,ec Ecuador,28,1.ar Huracán,1997,3,0,20,0.2,0,0,0,0,0,0,0,0,0,0,0,0,0,Matches
169,Moisés Caicedo,MF,ec Ecuador,24,1.eng Chelsea,2001,4,4,360,4,0,0,0,0,0,0,1,0,0,0,0,0,0,Matches
170,Uğurcan Çakır,GK,tr Türkiye,30,1.tr Galatasaray,1996,3,3,270,3,0,0,0,0,0,0,0,0,0,0,0,0,0,Matches
171,Hakan Çalhanoğlu,MF,tr Türkiye,32,1.it Inter,1994,2,2,180,2,0,0,0,0,0,0,0,0,0,0,0,0,0,Matches
172,Lamine Camara,MF,sn Senegal,22,1.fr Monaco,2004,4,3,248,2.8,0,1,1,0,0,0,1,0,0,0.36,0.36,0,0.36,Matches
173,Jaminton Campaz,"FW,MF",co Colombia,26,1.ar Rosario Central,2000,3,0,75,0.8,1,0,1,1,0,0,0,0,1.2,0,1.2,1.2,1.2,Matches
174,İrfan Can Kahveci,MF,tr Türkiye,30,1.tr Kasımpaşa,1995,1,0,1,0,0,0,0,0,0,0,0,0,0,0,0,0,0,Matches
175,José Canale,DF,py Paraguay,29,1.ar Lanús,1996,4,1,161,1.8,0,0,0,0,0,0,0,0,0,0,0,0,0,Matches
176,João Cancelo,DF,pt Portugal,32,1.es Barcelona,1994,5,5,312,3.5,0,1,1,0,0,0,0,0,0,0.29,0.29,0,0.29,Matches
177,Agustín Canobbio,FW,uy Uruguay,27,1.br Fluminense,1998,3,2,224,2.5,1,0,1,1,0,0,0,1,0.4,0,0.4,0.4,0.4,Matches
178,Casemiro,MF,br Brazil,34,1.eng Manchester Utd,1992,5,5,379,4.2,1,0,1,1,0,0,2,0,0.24,0,0.24,0.24,0.24,Matches
179,Josué Casimir,MF,ht Haiti,24,1.fr Auxerre,2001,3,2,182,2,0,0,0,0,0,0,1,0,0,0,0,0,0,Matches
180,Timothy Castagne,DF,be Belgium,30,1.eng Fulham,1995,6,5,478,5.3,0,1,1,0,0,0,1,0,0,0.19,0.19,0,0.19,Matches
181,Kevin Castaño,MF,co Colombia,25,1.ar River Plate,2000,2,0,16,0.2,0,0,0,0,0,0,0,0,0,0,0,0,0,Matches
182,Jens Castrop,MF,kr Korea Republic,22,1.de Gladbach,2003,1,0,45,0.5,0,0,0,0,0,0,0,0,0,0,0,0,0,Matches
183,Zeki Çelik,DF,tr Türkiye,29,1.it Roma,1997,2,2,163,1.8,0,0,0,0,0,0,0,0,0,0,0,0,0,Matches
184,Lukáš Červ,MF,cz Czechia,25,1.cz Viktoria Plzeň,2001,2,2,163,1.8,0,0,0,0,0,0,0,0,0,0,0,0,0,Matches
185,Fares Chaïbi,MF,dz Algeria,23,1.de Frankfurt,2002,4,4,360,4,0,0,0,0,0,0,1,0,0,0,0,0,0,Matches
186,Trevoh Chalobah,"DF,MF",eng England,26,1.eng Chelsea,1999,1,0,1,0,0,0,0,0,0,0,0,0,0,0,0,0,0,Matches
187,Štěpán Chaloupek,DF,cz Czechia,23,1.cz Slavia Prague,2003,1,1,90,1,0,0,0,0,0,0,0,0,0,0,0,0,0,Matches
188,Mouhib Chamakh,GK,tn Tunisia,24,1.tn Club Africain,2001,1,1,90,1,0,0,0,0,0,0,0,0,0,0,0,0,0,Matches
189,Firas Chaouat,FW,tn Tunisia,30,1.tn Club Africain,1996,3,0,49,0.5,0,0,0,0,0,0,0,0,0,0,0,0,0,Matches
190,Luis Chávez,MF,mx Mexico,30,1.ru Dynamo Moskva,1996,1,0,25,0.3,0,0,0,0,0,0,0,0,0,0,0,0,0,Matches
191,Mateo Chávez,DF,mx Mexico,22,1.nl AZ Alkmaar,2004,1,1,77,0.9,1,0,1,1,0,0,0,0,1.17,0,1.17,1.17,1.17,Matches
192,Samir Chergui,DF,dz Algeria,27,1.fr Paris FC,1999,1,0,20,0.2,0,0,0,0,0,0,0,0,0,0,0,0,0,Matches
193,Rayan Cherki,MF,fr France,22,1.eng Manchester City,2003,7,1,130,1.4,0,0,0,0,0,0,0,0,0,0,0,0,0,Matches
194,Mathieu Choinière,MF,ca Canada,27,1.us LAFC,1999,1,1,57,0.6,0,0,0,0,0,0,0,0,0,0,0,0,0,Matches
195,Tahith Chong,MF,cw Curaçao,26,2.eng Sheffield United,1999,3,3,247,2.7,0,0,0,0,0,0,0,0,0,0,0,0,0,Matches
196,Tomáš Chorý,FW,cz Czechia,31,1.cz Slavia Prague,1995,2,0,31,0.3,0,0,0,0,0,0,0,0,0,0,0,0,0,Matches
197,Ryan Christie,MF,sct Scotland,31,1.eng Bournemouth,1995,3,1,95,1.1,0,0,0,0,0,0,1,0,0,0,0,0,0,Matches
198,Carney Chukwuemeka,MF,at Austria,22,1.de Dortmund,2003,3,0,83,0.9,0,0,0,0,0,0,0,0,0,0,0,0,0,Matches
199,Mojmír Chytil,FW,cz Czechia,27,1.cz Slavia Prague,1999,1,0,7,0.1,0,0,0,0,0,0,0,0,0,0,0,0,0,Matches
200,Brian Cipenga,"MF,FW",cd Congo DR,28,2.es Castellón,1998,2,2,146,1.6,1,0,1,1,0,0,0,0,0.62,0,0.62,0.62,0.62,Matches
201,Alessandro Circati,DF,au Australia,22,1.it Parma,2003,4,4,390,4.3,0,0,0,0,0,0,1,0,0,0,0,0,0,Matches
202,Pathé Ciss,DF,sn Senegal,32,1.es Rayo Vallecano,1994,4,1,184,2,0,0,0,0,0,0,0,0,0,0,0,0,0,Matches
203,Livano Comenencia,MF,cw Curaçao,22,1.ch Zürich,2004,3,3,233,2.6,1,0,1,1,0,0,1,0,0.39,0,0.39,0.39,0.39,Matches
204,Eray Cömert,DF,ch Switzerland,28,1.es Valencia,1998,1,0,31,0.3,0,0,0,0,0,0,0,0,0,0,0,0,0,Matches
205,Francisco Conceição,MF,pt Portugal,23,1.it Juventus,2002,4,0,126,1.4,0,0,0,0,0,0,0,0,0,0,0,0,0,Matches
206,Jhon Córdoba,FW,co Colombia,33,1.ru Krasnodar,1993,3,2,99,1.1,0,0,0,0,0,0,0,0,0,0,0,0,0,Matches
207,José Córdoba,DF,pa Panama,25,2.eng Norwich City,2001,3,3,270,3,0,0,0,0,0,0,0,0,0,0,0,0,0,Matches
208,Derek Cornelius,DF,ca Canada,28,1.fr Marseille,1997,4,4,315,3.5,0,0,0,0,0,0,1,0,0,0,0,0,0,Matches
209,Diogo Costa,GK,pt Portugal,26,1.pt Porto,1999,5,5,450,5,0,0,0,0,0,0,0,0,0,0,0,0,0,Matches
210,Nuno da Costa,FW,cv Cabo Verde,35,1.tr Başakşehir,1991,4,1,159,1.8,0,0,0,0,0,0,0,0,0,0,0,0,0,Matches
211,Samu Costa,MF,pt Portugal,25,1.es Mallorca,2000,1,0,21,0.2,0,0,0,0,0,0,0,0,0,0,0,0,0,Matches
212,Vladimír Coufal,"MF,DF",cz Czechia,33,1.de Hoffenheim,1992,3,3,270,3,0,1,1,0,0,0,0,0,0,0.33,0.33,0,0.33,Matches
213,Thibaut Courtois,GK,be Belgium,34,1.es Real Madrid,1992,6,6,550,6.1,0,0,0,0,0,0,0,0,0,0,0,0,0,Matches
214,Maxime Crépeau,GK,ca Canada,32,1.us Orlando City,1994,5,5,450,5,0,0,0,0,0,0,0,0,0,0,0,0,0,Matches
215,Max Crocombe,GK,nz New Zealand,32,2.eng Millwall,1993,3,3,270,3,0,0,0,0,0,0,0,0,0,0,0,0,0,Matches
216,Pau Cubarsí,DF,es Spain,19,1.es Barcelona,2007,8,8,750,8.3,0,0,0,0,0,0,1,0,0,0,0,0,0,Matches
217,Andrés Cubas,MF,py Paraguay,30,1.us Vancouver,1996,5,5,480,5.3,0,0,0,0,0,0,1,0,0,0,0,0,0,Matches
218,Cucho,"FW,MF",co Colombia,27,1.es Real Betis,1999,2,0,50,0.6,0,1,1,0,0,0,0,0,0,1.8,1.8,0,1.8,Matches
219,Marc Cucurella,DF,es Spain,27,1.eng Chelsea,1998,8,8,750,8.3,0,2,2,0,0,0,1,0,0,0.24,0.24,0,0.24,Matches
220,Matheus Cunha,FW,br Brazil,27,1.eng Manchester Utd,1999,5,4,290,3.2,3,0,3,3,0,0,0,0,0.93,0,0.93,0.93,0.93,Matches
221,Findlay Curtis,MF,sct Scotland,19,1.sct Kilmarnock,2006,2,0,9,0.1,0,0,0,0,0,0,1,0,0,0,0,0,0,Matches
222,Aymen Dahmen,GK,tn Tunisia,29,1.tn Ahly Sfaxien,1997,2,2,180,2,0,0,0,0,0,0,0,0,0,0,0,0,0,Matches
223,Diogo Dalot,"DF,MF",pt Portugal,27,1.eng Manchester Utd,1999,2,0,65,0.7,0,0,0,0,0,0,0,0,0,0,0,0,0,Matches
224,Danilo,DF,br Brazil,34,1.br Flamengo,1991,5,4,405,4.5,0,0,0,0,0,0,2,0,0,0,0,0,0,Matches
225,Kevin Danso,DF,at Austria,27,1.eng Tottenham,1998,4,2,241,2.7,0,0,0,0,0,0,0,0,0,0,0,0,0,Matches
226,Vladimír Darida,MF,cz Czechia,35,1.cz Hradec Králové,1990,1,1,54,0.6,0,0,0,0,0,0,0,0,0,0,0,0,0,Matches
227,Jonathan David,FW,ca Canada,26,1.it Juventus,2000,5,5,420,4.7,3,0,3,3,0,0,1,0,0.64,0,0.64,0.64,0.64,Matches
228,Promise David,FW,ca Canada,24,1.be Union SG,2001,4,0,80,0.9,1,1,2,1,0,0,0,0,1.13,1.13,2.25,1.13,2.25,Matches
229,Alphonso Davies,"DF,FW",ca Canada,25,1.de Bayern Munich,2000,1,0,16,0.2,0,0,0,0,0,0,0,0,0,0,0,0,0,Matches
230,Erick Davis,DF,pa Panama,35,1.pa Plaza Amador,1991,2,0,4,0,0,0,0,0,0,0,0,0,0,0,0,0,0,Matches
231,Nasser Al-Dawsari,MF,sa Saudi Arabia,27,1.sa Al-Hilal,1998,3,2,207,2.3,0,0,0,0,0,0,1,0,0,0,0,0,0,Matches
232,Salem Al-Dawsari,MF,sa Saudi Arabia,34,1.sa Al-Hilal,1991,3,3,245,2.7,0,0,0,0,0,0,1,0,0,0,0,0,0,Matches
233,Mohammad Al-Dawud,"FW,MF",jo Jordan,34,1.jo Al-Wehdat SC,1992,1,0,3,0,0,0,0,0,0,0,0,0,0,0,0,0,0,Matches
234,Kevin De Bruyne,MF,be Belgium,34,1.it Napoli,1991,5,5,382,4.2,1,0,1,1,0,0,1,0,0.24,0,0.24,0.24,0.24,Matches
235,Maxim De Cuyper,DF,be Belgium,25,1.eng Brighton,2000,6,5,442,4.9,0,0,0,0,0,0,1,0,0,0,0,0,0,Matches
236,Luc De Fougerolles,DF,ca Canada,20,1.eng Fulham,2005,5,4,372,4.1,0,0,0,0,0,0,2,0,0,0,0,0,0,Matches
237,Charles De Ketelaere,"FW,MF",be Belgium,25,1.it Atalanta,2001,5,5,350,3.9,3,1,4,3,0,0,0,0,0.77,0.26,1.03,0.77,1.03,Matches
238,Nicolás De La Cruz,MF,uy Uruguay,29,1.br Flamengo,1997,3,0,86,1,0,0,0,0,0,0,1,0,0,0,0,0,0,Matches
239,Rodrigo De Paul,MF,ar Argentina,32,1.us Inter Miami,1994,7,6,491,5.5,0,1,1,0,0,0,1,0,0,0.18,0.18,0,0.18,Matches
240,Amar Dedić,DF,ba Bosnia–Herz,23,1.pt Benfica,2002,3,3,270,3,0,0,0,0,0,0,1,0,0,0,0,0,0,Matches
241,Louicius Deedson,MF,ht Haiti,25,1.us FC Dallas,2001,3,1,112,1.2,0,0,0,0,0,0,0,0,0,0,0,0,0,Matches
242,Hannes Delcroix,DF,ht Haiti,27,1.ch Lugano,1999,3,3,270,3,0,0,0,0,0,0,0,0,0,0,0,0,0,Matches
243,Ousmane Dembélé,MF,fr France,29,1.fr PSG,1997,8,7,592,6.6,6,2,8,6,0,0,0,0,0.91,0.3,1.22,0.91,1.22,Matches
244,Merih Demiral,DF,tr Türkiye,28,1.sa Al-Ahli,1998,2,2,180,2,0,0,0,0,0,0,0,0,0,0,0,0,0,Matches
245,Ermedin Demirović,FW,ba Bosnia–Herz,28,1.de Stuttgart,1998,4,4,354,3.9,0,0,0,0,0,0,1,0,0,0,0,0,0,Matches
246,Sergiño Dest,MF,us USA,25,1.nl PSV,2000,5,4,297,3.3,0,0,0,0,0,0,0,0,0,0,0,0,0,Matches
247,Frans Dhia Putros,DF,iq Iraq,32,1.id Persib Bandung,1993,1,1,90,1,0,0,0,0,0,0,0,0,0,0,0,0,0,Matches
248,Oumar Diakité,FW,ci Côte d'Ivoire,22,1.be Cercle Brugge,2003,2,0,28,0.3,0,0,0,0,0,0,0,0,0,0,0,0,0,Matches
249,Amad Diallo,"MF,FW",ci Côte d'Ivoire,23,1.eng Manchester Utd,2002,4,2,185,2.1,2,0,2,2,0,0,0,0,0.97,0,0.97,0.97,0.97,Matches
250,Assane Diao,MF,sn Senegal,20,1.it Como,2005,1,0,10,0.1,0,0,0,0,0,0,0,0,0,0,0,0,0,Matches
251,Habib Diarra,MF,sn Senegal,22,1.eng Sunderland,2004,3,2,143,1.6,2,0,2,2,0,0,0,0,1.26,0,1.26,1.26,1.26,Matches
252,Rúben Dias,DF,pt Portugal,29,1.eng Manchester City,1997,4,4,360,4,0,0,0,0,0,0,1,0,0,0,0,0,0,Matches
253,Krépin Diatta,DF,sn Senegal,27,1.fr Monaco,1999,4,4,390,4.3,0,0,0,0,0,0,0,0,0,0,0,0,0,Matches
254,Mory Diaw,GK,sn Senegal,32,1.fr Le Havre,1993,3,2,238,2.6,0,0,0,0,0,0,0,0,0,0,0,0,0,Matches
255,Brahim Díaz,MF,ma Morocco,26,1.es Real Madrid,1999,6,6,457,5.1,0,4,4,0,0,0,0,0,0,0.79,0.79,0,0.79,Matches
256,Ismael Díaz,"FW,MF",pa Panama,29,1.mx León,1997,2,0,37,0.4,0,0,0,0,0,0,0,0,0,0,0,0,0,Matches
257,Luis Díaz,"FW,MF",co Colombia,29,1.de Bayern Munich,1997,5,5,478,5.3,1,1,2,1,0,0,0,0,0.19,0.19,0.38,0.19,0.38,Matches
258,Bamba Dieng,FW,sn Senegal,26,1.fr Lorient,2000,1,0,8,0.1,0,0,0,0,0,0,0,0,0,0,0,0,0,Matches
259,Lucas Digne,DF,fr France,32,1.eng Aston Villa,1993,6,5,463,5.1,0,0,0,0,0,0,0,0,0,0,0,0,0,Matches
260,Diney,DF,cv Cabo Verde,31,1.ae Al Bataeh,1995,4,4,390,4.3,0,0,0,0,0,0,1,0,0,0,0,0,0,Matches
261,Ousmane Diomande,DF,ci Côte d'Ivoire,22,1.pt Sporting CP,2003,1,1,90,1,0,0,0,0,0,0,0,0,0,0,0,0,0,Matches
262,Yan Diomandé,"MF,FW",ci Côte d'Ivoire,19,1.de RB Leipzig,2006,4,4,329,3.7,0,1,1,0,0,0,0,0,0,0.27,0.27,0,0.27,Matches
263,Issa Diop,DF,ma Morocco,29,1.eng Fulham,1997,5,5,476,5.3,1,0,1,1,0,0,3,0,0.19,0,0.19,0.19,0.19,Matches
264,El Hadji Malick Diouf,DF,sn Senegal,21,1.eng West Ham,2004,3,2,171,1.9,0,0,0,0,0,0,0,0,0,0,0,0,0,Matches
265,Ritsu Doan,MF,jp Japan,27,1.de Frankfurt,1998,4,4,278,3.1,0,1,1,0,0,0,0,0,0,0.32,0.32,0,0.32,Matches
266,Jeremy Doku,MF,be Belgium,24,1.eng Manchester City,2002,5,4,309,3.4,0,0,0,0,0,0,0,0,0,0,0,0,0,Matches
267,Merchas Doski,DF,iq Iraq,26,1.cz Viktoria Plzeň,1999,3,3,270,3,0,0,0,0,0,0,1,0,0,0,0,0,0,Matches
268,David Douděra,MF,cz Czechia,28,1.cz Slavia Prague,1998,1,1,90,1,0,0,0,0,0,0,0,0,0,0,0,0,0,Matches
269,Désiré Doué,MF,fr France,21,1.fr PSG,2005,8,4,400,4.4,1,1,2,1,0,0,0,0,0.23,0.23,0.45,0.23,0.45,Matches
270,Guéla Doué,DF,ci Côte d'Ivoire,23,1.fr Strasbourg,2002,4,3,277,3.1,0,0,0,0,0,0,1,0,0,0,0,0,0,Matches
271,Deroy Duarte,MF,cv Cabo Verde,26,1.bg Ludogorets,1999,4,2,264,2.9,1,0,1,1,0,0,0,0,0.34,0,0.34,0.34,0.34,Matches
272,Laros Duarte,MF,cv Cabo Verde,29,1.hu Puskás Akad.,1997,4,2,166,1.8,0,0,0,0,0,0,0,0,0,0,0,0,0,Matches
273,Denzel Dumfries,"DF,MF",nl Netherlands,30,1.it Inter,1996,4,4,390,4.3,0,2,2,0,0,0,0,0,0,0.46,0.46,0,0.46,Matches
274,Jean-Kevin Duverne,DF,ht Haiti,28,1.be Gent,1997,2,2,169,1.9,0,1,1,0,0,0,0,0,0,0.53,0.53,0,0.53,Matches
275,Lyndon Dykes,"FW,MF",sct Scotland,30,2.eng Charlton Athletic,1995,2,0,36,0.4,0,0,0,0,0,0,0,0,0,0,0,0,0,Matches
276,Edin Džeko,FW,ba Bosnia–Herz,40,2.de Schalke 04,1986,3,3,176,2,0,0,0,0,0,0,1,0,0,0,0,0,0,Matches
277,Roshon van Eijma,DF,cw Curaçao,28,2.nl RKC Waalwijk,1998,1,0,15,0.2,0,0,0,0,0,0,0,0,0,0,0,0,0,Matches
278,Anthony Elanga,"MF,FW",se Sweden,24,1.eng Newcastle,2002,4,2,217,2.4,2,0,2,2,0,0,0,0,0.83,0,0.83,0.83,0.83,Matches
279,Meschak Elia,"FW,MF",cd Congo DR,28,1.tr Alanyaspor,1997,2,0,46,0.5,0,1,1,0,0,0,0,0,0,1.96,1.96,0,1.96,Matches
280,Callan Elliot,DF,nz New Zealand,26,1.au Auckland FC,1999,1,0,13,0.1,0,0,0,0,0,0,0,0,0,0,0,0,0,Matches
281,Eren Elmalı,DF,tr Türkiye,25,1.tr Galatasaray,2000,2,1,111,1.2,0,0,0,0,0,0,1,0,0,0,0,0,0,Matches
282,Nico Elvedi,DF,ch Switzerland,29,1.de Gladbach,1996,6,6,600,6.7,0,0,0,0,0,0,1,0,0,0,0,0,0,Matches
283,Breel Embolo,FW,ch Switzerland,29,1.fr Rennes,1997,6,6,501,5.6,2,2,4,1,1,1,2,1,0.36,0.36,0.72,0.18,0.54,Matches
284,Julio Enciso,FW,py Paraguay,22,1.fr Strasbourg,2004,5,5,386,4.3,1,2,3,1,0,0,0,0,0.23,0.47,0.7,0.23,0.7,Matches
285,Endrick,FW,br Brazil,19,1.fr Lyon,2006,4,0,114,1.3,0,0,0,0,0,0,0,0,0,0,0,0,0,Matches
286,Sherzod Esanov,MF,uz Uzbekistan,23,1.uz FK Bukhara Nurafshon,2003,1,0,1,0,0,0,0,0,0,0,0,0,0,0,0,0,0,Matches
287,Fidel Escobar,DF,pa Panama,31,1.cr Saprissa,1995,1,1,90,1,0,0,0,0,0,0,0,0,0,0,0,0,0,Matches
288,Pervis Estupiñán,MF,ec Ecuador,28,1.it Milan,1998,2,1,89,1,0,0,0,0,0,0,0,0,0,0,0,0,0,Matches
289,Derrick Etienne,"FW,MF",ht Haiti,29,1.us Toronto FC,1996,1,0,10,0.1,0,0,0,0,0,0,0,0,0,0,0,0,0,Matches
290,Stephen Eustáquio,MF,ca Canada,29,1.pt Porto,1996,5,4,392,4.4,1,0,1,1,0,0,0,0,0.23,0,0.23,0.23,0.23,Matches
291,Martin Expérience,"DF,MF",ht Haiti,27,2.fr Nancy,1999,3,3,270,3,0,0,0,0,0,0,0,0,0,0,0,0,0,Matches
292,Saeid Ezatolahi,MF,ir IR Iran,29,1.ae Al-Ahli Dubai FC,1996,3,3,264,2.9,0,0,0,0,0,0,2,0,0,0,0,0,0,Matches
293,Eberechi Eze,MF,eng England,27,1.eng Arsenal,1998,5,1,211,2.3,0,1,1,0,0,0,0,0,0,0.43,0.43,0,0.43,Matches
294,Fabinho,"DF,MF",br Brazil,32,1.sa Al-Ittihad,1993,3,0,71,0.8,0,0,0,0,0,0,1,0,0,0,0,0,0,Matches
295,José Fajardo,FW,pa Panama,32,1.ec Univ Católica,1993,3,1,155,1.7,0,0,0,0,0,0,1,0,0,0,0,0,0,Matches
296,Odeh Al-Fakhouri,"MF,FW",jo Jordan,20,1.eg Pyramids FC,2005,3,2,148,1.6,0,0,0,0,0,0,0,0,0,0,0,0,0,Matches
297,Henrik Falchener,DF,no Norway,23,1.no Viking,2003,1,1,65,0.7,0,0,0,0,0,0,0,0,0,0,0,0,0,Matches
298,Marko Farji,MF,iq Iraq,22,2.it Venezia,2004,2,0,54,0.6,0,0,0,0,0,0,0,0,0,0,0,0,0,Matches
299,Christian Fassnacht,"FW,MF",ch Switzerland,32,1.ch Young Boys,1993,1,0,6,0.1,0,0,0,0,0,0,0,0,0,0,0,0,0,Matches
300,Abdul Fatawu Issahaku,"FW,MF",gh Ghana,22,2.eng Leicester City,2004,4,0,132,1.5,0,0,0,0,0,0,1,0,0,0,0,0,0,Matches
301,Ahmed Fathy,MF,qa Qatar,33,1.qa Al-Arabi,1993,3,1,150,1.7,0,0,0,0,0,0,2,0,0,0,0,0,0,Matches
302,Hamdy Fathy,"DF,MF",eg Egypt,31,1.qa Al-Wakrah,1994,4,3,238,2.6,0,0,0,0,0,0,1,0,0,0,0,0,0,Matches
303,Ahmed Fatouh,DF,eg Egypt,28,1.eg Zamalek SC,1998,3,3,267,3,0,0,0,0,0,0,1,0,0,0,0,0,0,Matches
304,Abbosbek Fayzullayev,MF,uz Uzbekistan,22,1.tr Başakşehir,2003,3,3,220,2.4,1,0,1,1,0,0,0,0,0.41,0,0.41,0.41,0.41,Matches
305,João Félix,MF,pt Portugal,26,1.sa Al-Nassr,1999,3,3,201,2.2,0,0,0,0,0,0,0,0,0,0,0,0,0,Matches
306,Lewis Ferguson,MF,sct Scotland,26,1.it Bologna,1999,3,3,270,3,0,0,0,0,0,0,0,0,0,0,0,0,0,Matches
307,Bruno Fernandes,MF,pt Portugal,31,1.eng Manchester Utd,1994,5,5,422,4.7,0,1,1,0,0,0,0,0,0,0.21,0.21,0,0.21,Matches
308,Enzo Fernández,MF,ar Argentina,25,1.eng Chelsea,2001,7,7,659,7.3,2,0,2,2,0,0,2,1,0.27,0,0.27,0.27,0.27,Matches
309,Matias Fernandez-Pardo,"FW,MF",be Belgium,21,1.fr Lille,2005,3,0,44,0.5,0,0,0,0,0,0,0,0,0,0,0,0,0,Matches
310,Álvaro Fidalgo,MF,mx Mexico,29,1.es Real Betis,1997,3,1,96,1.1,1,0,1,1,0,0,0,0,0.94,0,0.94,0.94,0.94,Matches
311,Sherel Floranus,DF,cw Curaçao,27,1.nl Zwolle,1998,3,3,270,3,0,0,0,0,0,0,0,0,0,0,0,0,0,Matches
312,Seko Fofana,MF,ci Côte d'Ivoire,31,1.pt Porto,1995,2,1,92,1,0,0,0,0,0,0,1,0,0,0,0,0,0,Matches
313,Yahia Fofana,GK,ci Côte d'Ivoire,25,1.tr Rizespor,2000,4,4,360,4,0,0,0,0,0,0,0,0,0,0,0,0,0,Matches
314,Deveron Fonville,DF,cw Curaçao,23,1.nl NEC Nijmegen,2003,3,3,241,2.7,0,0,0,0,0,0,0,0,0,0,0,0,0,Matches
315,Yassin Fortuné,"FW,MF",ht Haiti,27,2.pt Vizela,1999,1,0,6,0.1,0,0,0,0,0,0,0,0,0,0,0,0,0,Matches
316,Lyle Foster,FW,za South Africa,25,1.eng Burnley,2000,1,1,55,0.6,0,0,0,0,0,0,0,0,0,0,0,0,0,Matches
317,Alan Franco,DF,ec Ecuador,27,1.br Atlético Mineiro,1998,4,4,251,2.8,0,0,0,0,0,0,2,0,0,0,0,0,0,Matches
318,Alex Freeman,DF,us USA,21,1.es Villarreal,2004,5,4,374,4.2,1,1,2,1,0,0,0,0,0.24,0.24,0.48,0.24,0.48,Matches
319,Matt Freese,GK,us USA,27,1.us NYCFC,1998,4,4,360,4,0,0,0,0,0,0,0,0,0,0,0,0,0,Matches
320,Remo Freuler,MF,ch Switzerland,34,1.it Bologna,1992,6,6,592,6.6,0,0,0,0,0,0,0,0,0,0,0,0,0,Matches
321,Marco Friedl,DF,at Austria,28,1.de Werder Bremen,1998,1,0,24,0.3,0,0,0,0,0,0,0,0,0,0,0,0,0,Matches
322,Juriën Gaari,DF,cw Curaçao,32,2.sa Abha,1993,2,2,166,1.8,0,0,0,0,0,0,1,0,0,0,0,0,0,Matches
323,Jassem Gaber,MF,qa Qatar,24,1.qa Al Rayyan SC,2002,3,3,149,1.7,0,0,0,0,0,0,1,0,0,0,0,0,0,Matches
324,Cody Gakpo,FW,nl Netherlands,27,1.eng Liverpool,1999,4,4,368,4.1,3,1,4,3,0,0,0,0,0.73,0.24,0.98,0.73,0.98,Matches
325,Matías Galarza,MF,py Paraguay,24,1.us Atlanta Utd,2002,4,4,388,4.3,1,1,2,1,0,0,2,0,0.23,0.23,0.46,0.23,0.46,Matches
326,Hernán Galíndez,GK,ec Ecuador,39,1.ar Huracán,1987,4,4,360,4,0,0,0,0,0,0,0,0,0,0,0,0,0,Matches
327,Jesús Gallardo,DF,mx Mexico,31,1.mx Toluca,1994,5,4,373,4.1,0,0,0,0,0,0,0,0,0,0,0,0,0,Matches
328,Ahmed Al-Ganehi,FW,qa Qatar,25,1.qa Al-Gharafa Sports Club,2000,1,0,36,0.4,0,0,0,0,0,0,0,0,0,0,0,0,0,Matches
329,Ben Gannon-Doak,MF,sct Scotland,20,1.eng Bournemouth,2005,3,2,186,2.1,0,0,0,0,0,0,0,0,0,0,0,0,0,Matches
330,Eric García,"DF,MF",es Spain,25,1.es Barcelona,2001,1,0,22,0.2,0,0,0,0,0,0,0,0,0,0,0,0,0,Matches
331,Gavi,FW,es Spain,21,1.es Barcelona,2004,2,1,76,0.8,0,0,0,0,0,0,0,0,0,0,0,0,0,Matches
332,Jason Geria,DF,au Australia,33,2.jp Albirex Niigata,1993,2,0,62,0.7,0,0,0,0,0,0,0,0,0,0,0,0,0,Matches
333,Khalid Al Ghannam,MF,sa Saudi Arabia,25,1.sa Al-Ettifaq,2000,1,0,1,0,0,0,0,0,0,0,0,0,0,0,0,0,0,Matches
334,Ismaël Gharbi,MF,tn Tunisia,22,1.de Augsburg,2004,3,1,127,1.4,0,0,0,0,0,0,0,0,0,0,0,0,0,Matches
335,Mehdi Ghayedi,FW,ir IR Iran,27,1.ae Al-Nasr Dubai,1998,1,0,45,0.5,0,0,0,0,0,0,0,0,0,0,0,0,0,Matches
336,Farés Ghedjemis,"FW,MF",dz Algeria,23,2.it Frosinone,2002,1,0,1,0,0,0,0,0,0,0,0,0,0,0,0,0,0,Matches
337,Saman Ghoddos,MF,ir IR Iran,32,1.ae Al-Ittihad Kalba,1993,3,3,208,2.3,0,0,0,0,0,0,0,0,0,0,0,0,0,Matches
338,Mohammad Ghorbani,MF,ir IR Iran,25,1.ae Al-Wahda FC,2001,1,1,90,1,0,0,0,0,0,0,0,0,0,0,0,0,0,Matches
339,Lee Gi-hyuk,DF,kr Korea Republic,25,1.kr Gangwon FC,2000,3,3,270,3,0,0,0,0,0,0,1,0,0,0,0,0,0,Matches
340,Armin Gigovic,MF,ba Bosnia–Herz,24,1.ch Young Boys,2002,2,1,79,0.9,0,0,0,0,0,0,0,0,0,0,0,0,0,Matches
341,Orlando Gill,GK,py Paraguay,26,1.py San Lorenzo,2000,5,5,480,5.3,0,0,0,0,0,0,0,0,0,0,0,0,0,Matches
342,Santiago Giménez,FW,mx Mexico,25,1.it Milan,2001,4,0,86,1,0,0,0,0,0,0,0,0,0,0,0,0,0,Matches
343,Aníbal Godoy,MF,pa Panama,36,1.us San Diego FC,1990,1,0,1,0,0,0,0,0,0,0,0,0,0,0,0,0,0,Matches
344,Andrés Gómez,MF,co Colombia,23,1.br Vasco da Gama,2002,1,0,1,0,0,0,0,0,0,0,0,0,0,0,0,0,0,Matches
345,Diego Gómez,MF,py Paraguay,23,1.eng Brighton,2003,4,4,304,3.4,0,0,0,0,0,0,2,0,0,0,0,0,0,Matches
346,Gustavo Gómez,DF,py Paraguay,33,1.br Palmeiras,1993,5,5,480,5.3,0,0,0,0,0,0,0,0,0,0,0,0,0,Matches
347,Armando González,FW,mx Mexico,23,1.mx Guadalajara,2003,1,0,15,0.2,0,0,0,0,0,0,0,0,0,0,0,0,0,Matches
348,Nicolás González,MF,ar Argentina,28,1.es Atlético Madrid,1998,7,1,259,2.9,0,1,1,0,0,0,0,0,0,0.35,0.35,0,0.35,Matches
349,Anthony Gordon,MF,eng England,25,1.es Barcelona,2001,6,5,396,4.4,1,3,4,1,0,0,0,0,0.23,0.68,0.91,0.23,0.91,Matches
350,Leon Goretzka,MF,de Germany,31,1.de Bayern Munich,1995,3,0,99,1.1,0,0,0,0,0,0,0,0,0,0,0,0,0,Matches
351,Kenji Gorré,"FW,MF",cw Curaçao,31,1.il Maccabi Haifa,1994,1,0,16,0.2,0,0,0,0,0,0,0,0,0,0,0,0,0,Matches
352,Keisuke Gotō,FW,jp Japan,21,1.be Sint-Truiden,2005,1,0,7,0.1,0,0,0,0,0,0,0,0,0,0,0,0,0,Matches
353,Amine Gouiri,FW,dz Algeria,26,1.fr Marseille,2000,4,3,251,2.8,1,0,1,1,0,0,0,0,0.36,0,0.36,0.36,0.36,Matches
354,Ryan Gravenberch,MF,nl Netherlands,24,1.eng Liverpool,2002,4,4,345,3.8,0,2,2,0,0,0,0,0,0,0.52,0.52,0,0.52,Matches
355,Michael Gregoritsch,FW,at Austria,32,1.de Augsburg,1994,3,2,188,2.1,0,1,1,0,0,0,0,0,0,0.48,0.48,0,0.48,Matches
356,Florian Grillitsch,"DF,MF",at Austria,30,1.pt Braga,1995,2,0,90,1,0,0,0,0,0,0,0,0,0,0,0,0,0,Matches
357,Pascal Groß,"DF,MF",de Germany,34,1.eng Brighton,1991,1,0,18,0.2,0,0,0,0,0,0,0,0,0,0,0,0,0,Matches
358,Gabriel Gudmundsson,"MF,DF",se Sweden,27,1.eng Leeds United,1999,4,4,330,3.7,0,0,0,0,0,0,1,0,0,0,0,0,0,Matches
359,Cho Gue-sung,FW,kr Korea Republic,28,1.dk Midtjylland,1998,2,0,31,0.3,0,0,0,0,0,0,1,0,0,0,0,0,0,Matches
360,Marc Guéhi,DF,eng England,25,1.eng Manchester City,2000,8,7,663,7.4,0,0,0,0,0,0,1,0,0,0,0,0,0,Matches
361,Evann Guessand,"FW,MF",ci Côte d'Ivoire,24,1.eng Crystal Palace,2001,2,0,17,0.2,0,0,0,0,0,0,0,0,0,0,0,0,0,Matches
362,Idrissa Gueye,MF,sn Senegal,36,1.eng Everton,1989,4,4,361,4,0,0,0,0,0,0,0,0,0,0,0,0,0,Matches
363,Pape Gueye,MF,sn Senegal,27,1.es Villarreal,1999,4,3,234,2.6,2,1,3,2,0,0,1,0,0.77,0.38,1.15,0.77,1.15,Matches
364,Bruno Guimarães,MF,br Brazil,28,1.eng Newcastle,1997,5,5,416,4.6,0,4,4,0,0,1,0,0,0,0.87,0.87,0,0.87,Matches
365,Deniz Gül,FW,tr Türkiye,21,1.pt Porto,2004,2,0,37,0.4,0,0,0,0,0,0,0,0,0,0,0,0,0,Matches
366,Arda Güler,MF,tr Türkiye,21,1.es Real Madrid,2005,3,3,270,3,1,0,1,1,0,0,0,0,0.33,0,0.33,0.33,0.33,Matches
367,Angus Gunn,GK,sct Scotland,30,1.eng Nottingham,1996,3,3,270,3,0,0,0,0,0,0,0,0,0,0,0,0,0,Matches
368,Malo Gusto,DF,fr France,23,1.eng Chelsea,2003,5,1,121,1.3,0,0,0,0,0,0,0,0,0,0,0,0,0,Matches
369,Brian Gutiérrez,MF,mx Mexico,22,1.mx Guadalajara,2003,4,2,198,2.2,0,0,0,0,0,0,1,0,0,0,0,0,0,Matches
370,Jorge Gutiérrez,DF,pa Panama,27,1.ve Dep. La Guaira,1998,1,1,87,1,0,0,0,0,0,0,0,0,0,0,0,0,0,Matches
371,Joško Gvardiol,DF,hr Croatia,24,1.eng Manchester City,2002,4,2,139,1.5,0,0,0,0,0,0,0,0,0,0,0,0,0,Matches
372,Viktor Gyökeres,FW,se Sweden,28,1.eng Arsenal,1998,4,4,360,4,1,2,3,1,0,0,1,0,0.25,0.5,0.75,0.25,0.75,Matches
373,Aziz Gʻaniyev,MF,uz Uzbekistan,28,,1998,2,1,122,1.4,0,0,0,0,0,0,0,0,0,0,0,0,0,Matches
374,Erling Haaland,FW,no Norway,25,1.eng Manchester City,2000,5,5,465,5.2,7,0,7,7,0,0,0,0,1.35,0,1.35,1.35,1.35,Matches
375,Ihsan Haddad,DF,jo Jordan,32,1.jo Al-Hussein SC,1994,3,3,260,2.9,0,1,1,0,0,0,0,0,0,0.35,0.35,0,0.35,Matches
376,Anis Hadj Moussa,MF,dz Algeria,24,1.nl Feyenoord,2002,3,1,98,1.1,0,0,0,0,0,0,0,0,0,0,0,0,0,Matches
377,Jaouen Hadjam,DF,dz Algeria,23,1.ch Young Boys,2003,3,1,109,1.2,0,0,0,0,0,0,0,0,0,0,0,0,0,Matches
378,Amir Hadžiahmetović,MF,ba Bosnia–Herz,29,2.eng Hull City,1997,1,0,6,0.1,0,0,0,0,0,0,0,0,0,0,0,0,0,Matches
379,Dennis Hadžikadunić,DF,ba Bosnia–Herz,27,2.it Sampdoria,1998,1,0,27,0.3,0,1,1,0,0,0,0,0,0,3.33,3.33,0,3.33,Matches
380,Karim Hafez,DF,eg Egypt,30,1.eg Pyramids FC,1996,3,2,172,1.9,0,1,1,0,0,0,0,0,0,0.52,0.52,0,0.52,Matches
381,Ehsan Hajsafi,DF,ir IR Iran,36,1.ir Sepahan,1990,2,1,91,1,0,0,0,0,0,0,1,0,0,0,0,0,0,Matches
382,Achraf Hakimi,DF,ma Morocco,27,1.fr PSG,1998,6,6,570,6.3,1,2,3,1,0,0,1,0,0.16,0.32,0.47,0.16,0.47,Matches
383,Redouane Halhal,DF,ma Morocco,23,1.be Mechelen,2003,2,2,180,2,0,0,0,0,0,0,1,0,0,0,0,0,0,Matches
384,Ali Al Hamadi,FW,iq Iraq,24,2.eng Ipswich Town,2002,3,2,180,2,0,0,0,0,0,0,0,0,0,0,0,0,0,Matches
385,Abdullah Al-Hamdan,FW,sa Saudi Arabia,26,1.sa Al-Nassr,1999,3,0,71,0.8,0,0,0,0,0,0,0,0,0,0,0,0,0,Matches
386,Mohamed Amine Ben Hamida,DF,tn Tunisia,30,1.tn Espérance Tunis,1995,3,2,202,2.2,0,0,0,0,0,0,0,0,0,0,0,0,0,Matches
387,Odiljon Hamrobekov,MF,uz Uzbekistan,30,1.ir Tractor,1996,2,1,77,0.9,0,0,0,0,0,0,1,0,0,0,0,0,0,Matches
388,Lee Han-beom,DF,kr Korea Republic,23,1.dk Midtjylland,2002,3,3,270,3,0,0,0,0,0,0,0,0,0,0,0,0,0,Matches
389,Grant Hanley,DF,sct Scotland,34,1.sct Hibernian,1991,2,2,180,2,0,0,0,0,0,0,0,0,0,0,0,0,0,Matches
390,Sontje Hansen,FW,cw Curaçao,24,2.eng Middlesbrough,2002,1,1,45,0.5,0,0,0,0,0,0,0,0,0,0,0,0,0,Matches
391,Mohamed Hany,DF,eg Egypt,30,1.eg Al Ahly,1996,5,5,480,5.3,0,1,1,0,0,0,0,0,0,0.19,0.19,0,0.19,Matches
392,Moteb Al-Harbi,DF,sa Saudi Arabia,26,1.sa Al-Hilal,2000,3,2,188,2.1,0,0,0,0,0,0,0,0,0,0,0,0,0,Matches
393,Saleh Hardani,DF,ir IR Iran,27,1.ir Esteghlal,1998,2,1,90,1,0,0,0,0,0,0,0,0,0,0,0,0,0,Matches
394,Carlos Harvey,MF,pa Panama,26,1.us Minnesota Utd,2000,3,3,267,3,0,0,0,0,0,0,1,0,0,0,0,0,0,Matches
395,Akam Hashim,DF,iq Iraq,27,1.iq Al-Zawra'a SC,1998,3,3,270,3,0,0,0,0,0,0,0,0,0,0,0,0,0,Matches
396,Haissem Hassan,MF,eg Egypt,24,1.es Oviedo,2002,2,1,126,1.4,0,1,1,0,0,0,2,0,0,0.71,0.71,0,0.71,Matches
397,Jalal Hassan,GK,iq Iraq,35,1.iq Al-Zawra'a SC,1991,2,1,135,1.5,0,0,0,0,0,0,0,0,0,0,0,0,0,Matches
398,Abdulaziz Hatem,MF,qa Qatar,36,1.qa Al Rayyan SC,1990,1,0,45,0.5,0,0,0,0,0,0,0,0,0,0,0,0,0,Matches
399,Jorrel Hato,DF,nl Netherlands,20,1.eng Chelsea,2006,1,0,35,0.4,0,0,0,0,0,0,0,0,0,0,0,0,0,Matches
400,Kai Havertz,FW,de Germany,27,1.eng Arsenal,1999,4,4,353,3.9,3,0,3,2,1,1,1,0,0.76,0,0.76,0.51,0.51,Matches
401,Hassan Al-Haydos,MF,qa Qatar,35,1.qa Al Sadd,1990,2,1,57,0.6,1,0,1,1,0,0,0,0,1.58,0,1.58,1.58,1.58,Matches
402,Jan Paul van Hecke,DF,nl Netherlands,26,1.eng Brighton,2000,4,4,390,4.3,1,0,1,1,0,0,0,0,0.23,0,0.23,0.23,0.23,Matches
403,Hwang Hee-chan,FW,kr Korea Republic,30,1.eng Wolves,1996,3,1,108,1.2,0,0,0,0,0,0,0,0,0,0,0,0,0,Matches
404,Torbjørn Heggem,DF,no Norway,27,1.it Bologna,1999,5,5,443,4.9,0,0,0,0,0,0,0,0,0,0,0,0,0,Matches
405,Alaa Al Hejji,MF,sa Saudi Arabia,30,1.sa Neom,1995,2,0,32,0.4,0,0,0,0,0,0,0,0,0,0,0,0,0,Matches
406,Dean Henderson,GK,eng England,29,1.eng Crystal Palace,1997,1,1,90,1,0,0,0,0,0,0,0,0,0,0,0,0,0,Matches
407,Jordan Henderson,MF,eng England,35,1.eng Brentford,1990,1,0,7,0.1,0,0,0,0,0,0,1,0,0,0,0,0,0,Matches
408,Jack Hendry,DF,sct Scotland,31,1.sa Al-Ettifaq,1995,3,3,270,3,0,0,0,0,0,0,0,0,0,0,0,0,0,Matches
409,Luiz Henrique,"FW,MF",br Brazil,25,1.ru Zenit,2001,1,0,29,0.3,0,0,0,0,0,0,0,0,0,0,0,0,0,Matches
410,Theo Hernández,DF,fr France,28,1.sa Al-Hilal,1997,5,3,257,2.9,0,0,0,0,0,0,0,0,0,0,0,0,0,Matches
411,Lucas Herrington,DF,au Australia,18,1.us Colorado Rapids,2007,2,2,210,2.3,0,0,0,0,0,0,0,0,0,0,0,0,0,Matches
412,Son Heung-min,FW,kr Korea Republic,33,1.us LAFC,1992,3,2,169,1.9,0,0,0,0,0,0,0,0,0,0,0,0,0,Matches
413,Aaron Hickey,DF,sct Scotland,24,1.eng Brentford,2002,1,1,74,0.8,0,0,0,0,0,0,1,0,0,0,0,0,0,Matches
414,Isak Hien,DF,se Sweden,27,1.it Atalanta,1999,3,3,216,2.4,0,0,0,0,0,0,1,0,0,0,0,0,0,Matches
415,Piero Hincapié,DF,ec Ecuador,24,1.eng Arsenal,2002,4,4,339,3.8,0,0,0,0,0,0,1,1,0,0,0,0,0,Matches
416,Adam Hložek,FW,cz Czechia,23,1.de Hoffenheim,2002,3,2,156,1.7,0,0,0,0,0,0,0,0,0,0,0,0,0,Matches
417,Tomáš Holeš,DF,cz Czechia,33,1.cz Slavia Prague,1993,2,2,153,1.7,0,0,0,0,0,0,0,0,0,0,0,0,0,Matches
418,Amirhossein Hosseinzadeh,FW,ir IR Iran,25,1.ir Tractor,2000,2,0,17,0.2,0,0,0,0,0,0,0,0,0,0,0,0,0,Matches
419,Robin Hranáč,DF,cz Czechia,26,1.de Hoffenheim,2000,3,3,270,3,0,0,0,0,0,0,0,0,0,0,0,0,0,Matches
420,Ajdin Hrustic,MF,au Australia,29,1.nl Heracles Almelo,1996,2,0,80,0.9,0,0,0,0,0,0,0,0,0,0,0,0,0,Matches
421,César Huerta,"FW,MF",mx Mexico,25,1.be Anderlecht,2000,1,0,7,0.1,0,0,0,0,0,0,0,0,0,0,0,0,0,Matches
422,Al-Hashmi Al-Hussain,MF,qa Qatar,22,1.qa Al-Arabi,2003,1,0,32,0.4,0,0,0,0,0,0,0,0,0,0,0,0,0,Matches
423,Ayman Hussein,FW,iq Iraq,30,1.iq Al-Karma,1996,2,2,115,1.3,1,0,1,1,0,0,0,0,0.78,0,0.78,0.78,0.78,Matches
424,Oh Hyeon-gyu,FW,kr Korea Republic,25,1.tr Beşiktaş,2001,3,1,129,1.4,1,0,1,1,0,0,0,0,0.7,0,0.7,0.7,0.7,Matches
425,Yang Hyun-jun,"FW,MF",kr Korea Republic,24,1.sct Celtic,2002,1,0,20,0.2,0,0,0,0,0,0,0,0,0,0,0,0,0,Matches
426,Roger Ibanez,DF,br Brazil,27,1.sa Al-Ahli,1998,1,1,45,0.5,0,0,0,0,0,0,1,0,0,0,0,0,0,Matches
427,Yasser Ibrahim,DF,eg Egypt,33,1.eg Al Ahly,1993,5,4,467,5.2,1,0,1,1,0,0,2,0,0.19,0,0.19,0.19,0.19,Matches
428,Borja Iglesias,FW,es Spain,33,1.es Celta Vigo,1993,1,0,1,0,0,0,0,0,0,0,0,0,0,0,0,0,0,Matches
429,Hwang In-beom,MF,kr Korea Republic,29,1.nl Feyenoord,1996,3,3,263,2.9,1,1,2,1,0,0,0,0,0.34,0.34,0.68,0.34,0.68,Matches
430,Christ Inao Oulaï,MF,ci Côte d'Ivoire,20,1.tr Trabzonspor,2006,4,2,208,2.3,0,0,0,0,0,0,0,0,0,0,0,0,0,Matches
431,Zidane Iqbal,MF,iq Iraq,23,1.nl Utrecht,2003,3,2,188,2.1,0,0,0,0,0,0,0,0,0,0,0,0,0,Matches
432,Nestory Irankunda,"FW,MF",au Australia,20,2.eng Watford,2006,4,3,261,2.9,1,0,1,1,0,0,0,0,0.34,0,0.34,0.34,0.34,Matches
433,Jackson Irvine,MF,au Australia,33,1.de St Pauli,1993,4,2,223,2.5,0,0,0,0,0,0,1,0,0,0,0,0,0,Matches
434,Alexander Isak,FW,se Sweden,26,1.eng Liverpool,1999,4,4,357,4,1,3,4,1,0,0,0,0,0.25,0.76,1.01,0.25,1.01,Matches
435,Wilson Isidor,FW,ht Haiti,25,1.eng Sunderland,2000,3,2,186,2.1,1,0,1,1,0,0,0,0,0.48,0,0.48,0.48,0.48,Matches
436,Jamshid Iskanderov,"FW,MF",uz Uzbekistan,32,1.uz Neftchi FK,1993,1,0,9,0.1,0,0,0,0,0,0,0,0,0,0,0,0,0,Matches
437,Zaid Ismail,MF,iq Iraq,24,1.iq Al-Talaba,2002,2,2,117,1.3,0,0,0,0,0,0,0,0,0,0,0,0,0,Matches
438,Ko Itakura,DF,jp Japan,29,1.nl Ajax,1997,2,2,128,1.4,0,1,1,0,0,0,0,0,0,0.7,0.7,0,0.7,Matches
439,Jacob Italiano,DF,au Australia,24,1.at Grazer AK,2001,2,2,163,1.8,0,0,0,0,0,0,1,0,0,0,0,0,0,Matches
440,Hiroki Ito,DF,jp Japan,27,1.de Bayern Munich,1999,4,4,360,4,0,0,0,0,0,0,0,0,0,0,0,0,0,Matches
441,Junya Itō,MF,jp Japan,33,1.be Genk,1993,4,2,216,2.4,1,0,1,1,0,0,0,0,0.42,0,0.42,0.42,0.42,Matches
442,Cedric Itten,"FW,MF",ch Switzerland,29,2.de Düsseldorf,1996,3,0,42,0.5,0,0,0,0,0,0,0,0,0,0,0,0,0,Matches
443,Nicolas Jackson,FW,sn Senegal,24,1.de Bayern Munich,2001,4,2,234,2.6,0,1,1,0,0,0,0,0,0,0.38,0.38,0,0.38,Matches
444,Lee Jae-sung,FW,kr Korea Republic,33,1.de Mainz 05,1992,2,2,117,1.3,0,0,0,0,0,0,0,0,0,0,0,0,0,Matches
445,Alireza Jahanbakhsh,"FW,MF",ir IR Iran,32,1.be Dender,1993,2,0,46,0.5,0,0,0,0,0,0,0,0,0,0,0,0,0,Matches
446,Ismail Jakobs,DF,sn Senegal,26,1.tr Galatasaray,1999,3,2,219,2.4,0,0,0,0,0,0,0,0,0,0,0,0,0,Matches
447,Reece James,DF,eng England,26,1.eng Chelsea,1999,5,3,319,3.5,0,0,0,0,0,0,0,0,0,0,0,0,0,Matches
448,Amer Jamous,MF,jo Jordan,23,1.iq Al-Zawra'a SC,2002,1,0,15,0.2,0,0,0,0,0,0,0,0,0,0,0,0,0,Matches
449,Luca Jaquez,DF,ch Switzerland,23,1.de Stuttgart,2003,2,1,78,0.9,0,0,0,0,0,0,0,0,0,0,0,0,0,Matches
450,Ardon Jashari,MF,ch Switzerland,23,1.it Milan,2002,3,1,72,0.8,0,0,0,0,0,0,0,0,0,0,0,0,0,Matches
451,Ali Jasim,MF,iq Iraq,22,1.sa Al-Najma,2004,2,2,129,1.4,0,0,0,0,0,0,0,0,0,0,0,0,0,Matches
452,Danley Jean-Jacques,MF,ht Haiti,26,1.us Philadelphia,2000,3,3,259,2.9,0,0,0,0,0,0,1,0,0,0,0,0,0,Matches
453,Eom Ji-sung,MF,kr Korea Republic,24,2.eng Swansea City,2002,2,0,42,0.5,0,0,0,0,0,0,0,0,0,0,0,0,0,Matches
454,Raúl Jiménez,FW,mx Mexico,35,1.eng Fulham,1991,4,4,317,3.5,3,0,3,2,1,1,0,0,0.85,0,0.85,0.57,0.57,Matches
455,Kim Jin-gyu,MF,kr Korea Republic,29,1.kr Jeonbuk,1997,2,0,52,0.6,0,0,0,0,0,0,0,0,0,0,0,0,0,Matches
456,Park Jinseob,"DF,MF",kr Korea Republic,30,1.cn Zhejiang,1995,2,0,32,0.4,0,0,0,0,0,0,0,0,0,0,0,0,0,Matches
457,Ruslanbek Jiyanov,FW,uz Uzbekistan,25,1.uz Navbahor,2001,1,0,1,0,0,0,0,0,0,0,0,0,0,0,0,0,0,Matches
458,Alistair Johnston,DF,ca Canada,27,1.sct Celtic,1998,5,5,450,5,0,0,0,0,0,0,1,0,0,0,0,0,0,Matches
459,Frenkie de Jong,MF,nl Netherlands,29,1.es Barcelona,1997,4,4,328,3.6,0,0,0,0,0,0,0,0,0,0,0,0,0,Matches
460,Lenny Joseph,FW,ht Haiti,25,1.hu Ferencváros,2000,3,1,117,1.3,0,0,0,0,0,0,0,0,0,0,0,0,0,Matches
461,Edmilson Junior,"MF,FW",qa Qatar,31,1.qa Al Duhail SC,1994,3,3,210,2.3,0,1,1,0,0,0,0,0,0,0.43,0.43,0,0.43,Matches
462,Vinicius Júnior,FW,br Brazil,25,1.es Real Madrid,2000,5,5,440,4.9,4,1,5,4,0,0,0,0,0.82,0.2,1.02,0.82,1.02,Matches
463,Elijah Just,MF,nz New Zealand,26,1.sct Motherwell,2000,3,3,264,2.9,3,0,3,3,0,0,1,0,1.02,0,1.02,1.02,1.02,Matches
464,Musab Al Juwayr,"MF,FW",sa Saudi Arabia,22,1.sa Al-Qadsiah,2003,3,2,152,1.7,0,0,0,0,0,0,0,0,0,0,0,0,0,Matches
465,Ayoub El Kaabi,FW,ma Morocco,32,1.gr Olympiacos,1993,1,1,69,0.8,0,0,0,0,0,0,0,0,0,0,0,0,0,Matches
466,Ozan Kabak,DF,tr Türkiye,26,1.de Hoffenheim,2000,1,1,90,1,0,0,0,0,0,0,0,0,0,0,0,0,0,Matches
467,Ferdi Kadioglu,DF,tr Türkiye,26,1.eng Brighton,1999,2,2,159,1.8,0,0,0,0,0,0,0,0,0,0,0,0,0,Matches
468,Kaku,MF,py Paraguay,31,1.ae Al Ain,1995,1,0,11,0.1,0,0,0,0,0,0,0,0,0,0,0,0,0,Matches
469,Saša Kalajdžić,FW,at Austria,28,1.at LASK,1997,3,1,77,0.9,1,0,1,1,0,0,0,0,1.17,0,1.17,1.17,1.17,Matches
470,Gédéon Kalulu,DF,cd Congo DR,28,1.cy Aris Limassol,1997,1,0,6,0.1,0,0,0,0,0,0,0,0,0,0,0,0,0,Matches
471,Daichi Kamada,MF,jp Japan,29,1.eng Crystal Palace,1996,4,4,329,3.7,2,0,2,2,0,0,1,0,0.55,0,0.55,0.55,0.55,Matches
472,Hossein Kanaanizadegan,DF,ir IR Iran,32,1.ir Persepolis,1994,2,2,135,1.5,0,0,0,0,0,0,1,0,0,0,0,0,0,Matches
473,Harry Kane,FW,eng England,32,1.de Bayern Munich,1993,7,7,652,7.2,6,1,7,4,2,2,0,0,0.83,0.14,0.97,0.55,0.69,Matches
474,Lee Kang-in,FW,kr Korea Republic,25,1.fr PSG,2001,3,3,270,3,0,1,1,0,0,0,1,0,0,0.33,0.33,0,0.33,Matches
475,Mohamed Kanno,MF,sa Saudi Arabia,31,1.sa Al-Hilal,1994,3,2,225,2.5,0,0,0,0,0,0,1,0,0,0,0,0,0,Matches
476,Steve Kapuadi,DF,cd Congo DR,28,1.pl Widzew Łódź,1998,2,2,180,2,0,0,0,0,0,0,0,0,0,0,0,0,0,Matches
477,Bekhruz Karimov,DF,uz Uzbekistan,18,1.uz FC Surkhon,2007,2,2,179,2,0,0,0,0,0,0,0,0,0,0,0,0,0,Matches
478,Jesper Karlström,MF,se Sweden,30,1.it Udinese,1995,2,2,138,1.5,0,0,0,0,0,0,0,0,0,0,0,0,0,Matches
479,Gervane Kastaneer,"FW,MF",cw Curaçao,30,1.my Terengganu City,1996,3,0,30,0.3,0,0,0,0,0,0,2,0,0,0,0,0,0,Matches
480,Nikola Katić,DF,ba Bosnia–Herz,29,2.de Schalke 04,1996,4,4,317,3.5,0,0,0,0,0,0,1,0,0,0,0,0,0,Matches
481,Edo Kayembe,MF,cd Congo DR,28,2.eng Watford,1998,3,2,160,1.8,0,0,0,0,0,0,0,0,0,0,0,0,0,Matches
482,Joris Kayembe,"DF,FW",cd Congo DR,31,1.be Genk,1994,4,0,45,0.5,0,0,0,0,0,0,0,0,0,0,0,0,0,Matches
483,Franck Kessié,MF,ci Côte d'Ivoire,29,1.sa Al-Ahli,1996,4,4,346,3.8,1,0,1,1,0,0,1,0,0.26,0,0.26,0.26,0.26,Matches
484,Abdullah Al-Khaibari,MF,sa Saudi Arabia,29,1.sa Al-Nassr,1996,3,3,180,2,0,0,0,0,0,0,0,0,0,0,0,0,0,Matches
485,Shoja' Khalilzadeh,DF,ir IR Iran,37,1.ir Tractor,1989,3,3,270,3,0,0,0,0,0,0,1,0,0,0,0,0,0,Matches
486,Dostonbek Khamdamov,MF,uz Uzbekistan,29,1.uz Pakhtakor Tashkent FK,1996,2,1,103,1.1,0,0,0,0,0,0,0,0,0,0,0,0,0,Matches
487,Bilal El Khannouss,"MF,FW",ma Morocco,22,1.de Stuttgart,2004,6,6,461,5.1,0,0,0,0,0,0,1,0,0,0,0,0,0,Matches
488,Rani Khedira,MF,tn Tunisia,32,1.de Union Berlin,1994,3,2,149,1.7,0,0,0,0,0,0,1,0,0,0,0,0,0,Matches
489,Boualem Khoukhi,DF,qa Qatar,35,1.qa Al Sadd,1990,3,3,270,3,1,0,1,1,0,0,0,0,0.33,0,0.33,0.33,0.33,Matches
490,Abdukodir Khusanov,DF,uz Uzbekistan,22,1.eng Manchester City,2004,3,3,270,3,0,0,0,0,0,0,2,0,0,0,0,0,0,Matches
491,Joshua Kimmich,DF,de Germany,31,1.de Bayern Munich,1995,4,4,351,3.9,0,2,2,0,0,0,0,0,0,0.51,0.51,0,0.51,Matches
492,Justin Kluivert,"FW,MF",nl Netherlands,27,1.eng Bournemouth,1999,2,0,27,0.3,0,0,0,0,0,0,0,0,0,0,0,0,0,Matches
493,Gregor Kobel,GK,ch Switzerland,28,1.de Dortmund,1997,6,6,600,6.7,0,0,0,0,0,0,0,0,0,0,0,0,0,Matches
494,Orkun Kökçü,MF,tr Türkiye,25,1.tr Beşiktaş,2000,3,2,153,1.7,0,1,1,0,0,0,0,0,0,0.59,0.59,0,0.59,Matches
495,Sead Kolašinac,DF,ba Bosnia–Herz,32,1.it Atalanta,1993,4,4,337,3.7,0,1,1,0,0,0,0,0,0,0.27,0.27,0,0.27,Matches
496,Ghislain Konan,DF,ci Côte d'Ivoire,30,1.pt Gil Vicente FC,1995,3,3,269,3,0,0,0,0,0,0,0,0,0,0,0,0,0,Matches
497,Ibrahima Konaté,DF,fr France,27,1.eng Liverpool,1999,2,1,60,0.7,0,0,0,0,0,0,0,0,0,0,0,0,0,Matches
498,Ismaël Koné,MF,ca Canada,23,1.it Sassuolo,2002,2,2,146,1.6,0,0,0,0,0,0,0,0,0,0,0,0,0,Matches
